{"cameras":[{"name":"gui","orientation":{"w":0.6563150882720947,"x":-0.7276165485382080,"y":0.1488388180732727,"z":-0.1329347193241119},"pos":{"x":23.0,"y":439.0,"z":59.0},"viewPos":{"x":0.0,"y":0.0},"viewSize":{"x":1440,"y":900}},{"name":"projector","orientation":{"w":0.6563151478767395,"x":-0.7276166081428528,"y":0.1488388180732727,"z":-0.1329347193241119},"pos":{"x":23.0,"y":439.0,"z":59.0},"viewPos":{"x":1423.0,"y":541.0},"viewSize":{"x":1920,"y":1080}}]}

