{"cameras":[{"name":"gui","orientation":{"w":0.6171367764472961,"x":-0.7772485613822937,"y":0.08777983486652374,"z":-0.08556634187698364},"pos":{"x":27.0,"y":318.0,"z":17.0},"viewPos":{"x":0.0,"y":0.0},"viewSize":{"x":1440,"y":900}},{"name":"projector","orientation":{"w":0.6163473129272461,"x":-0.7779656052589417,"y":0.09316194802522659,"z":-0.07878037542104721},"pos":{"x":-10.0,"y":320.0,"z":17.0},"viewPos":{"x":1440.0,"y":0.0},"viewSize":{"x":1920,"y":1080}}]}

