{
   "cameras" : [
      {
         "mask" : [],
         "name" : "gui",
         "orientation" : {
            "w" : 0.4573277831077576,
            "x" : -0.01122504379600286,
            "y" : 0.8875184059143066,
            "z" : 0.05510349944233894
         },
         "pos" : {
            "x" : 15.49945068359375,
            "y" : 127.8000488281250,
            "z" : -233.9001159667969
         },
         "viewPos" : {
            "x" : 0.0,
            "y" : 0.0
         },
         "viewSize" : {
            "x" : 1440,
            "y" : 810
         }
      },
      {
         "mask" : [],
         "name" : "projector1",
         "orientation" : {
            "w" : 0.4573277831077576,
            "x" : -0.01122504379600286,
            "y" : 0.8875184059143066,
            "z" : 0.05510349944233894
         },
         "pos" : {
            "x" : 15.49945068359375,
            "y" : 127.8000488281250,
            "z" : -233.9001159667969
         },
         "viewPos" : {
            "x" : 1628.0,
            "y" : -40.0
         },
         "viewSize" : {
            "x" : 1920,
            "y" : 1080
         }
      },
      {
         "mask" : null,
         "name" : "projector2",
         "orientation" : {
            "w" : 0.02568847872316837,
            "x" : -0.01566425710916519,
            "y" : -0.9944486021995544,
            "z" : -0.1008897572755814
         },
         "pos" : {
            "x" : -188.0,
            "y" : 227.0,
            "z" : -218.0
         },
         "viewPos" : {
            "x" : 3334.0,
            "y" : 283.0
         },
         "viewSize" : {
            "x" : 1920,
            "y" : 1080
         }
      },
      {
         "mask" : null,
         "name" : "projector2",
         "orientation" : {
            "w" : 0.001743512810207903,
            "x" : -0.02939613908529282,
            "y" : 0.9982458949089050,
            "z" : 0.1284617483615875
         },
         "pos" : {
            "x" : 163.0,
            "y" : 209.0,
            "z" : -281.0
         },
         "viewPos" : {
            "x" : 5380.0,
            "y" : 0.0
         },
         "viewSize" : {
            "x" : 1920,
            "y" : 1080
         }
      }
   ]
}

