{
   "cameras" : [
      {
         "mask" : [],
         "name" : "gui",
         "orientation" : {
            "w" : 0.1782611608505249,
            "x" : -0.04249683022499084,
            "y" : 0.9630393981933594,
            "z" : 0.1974168717861176
         },
         "pos" : {
            "x" : 114.2995910644531,
            "y" : 275.2000122070312,
            "z" : -188.1000061035156
         },
         "viewPos" : {
            "x" : 0.0,
            "y" : 0.0
         },
         "viewSize" : {
            "x" : 1440,
            "y" : 810
         }
      },
      {
         "mask" : [],
         "name" : "projector1",
         "orientation" : {
            "w" : 0.1782612800598145,
            "x" : -0.04249696806073189,
            "y" : 0.9630388617515564,
            "z" : 0.1974167525768280
         },
         "pos" : {
            "x" : 114.2995910644531,
            "y" : 275.2000122070312,
            "z" : -188.1000061035156
         },
         "viewPos" : {
            "x" : 1440.0,
            "y" : -20.0
         },
         "viewSize" : {
            "x" : 1920,
            "y" : 1080
         }
      },
      {
         "mask" : null,
         "name" : "projector2",
         "orientation" : {
            "w" : 0.4536578655242920,
            "x" : -0.5540066957473755,
            "y" : 0.4084362089633942,
            "z" : 0.5660839080810547
         },
         "pos" : {
            "x" : -18.0,
            "y" : 337.0,
            "z" : 52.0
         },
         "viewPos" : {
            "x" : 3434.0,
            "y" : 283.0
         },
         "viewSize" : {
            "x" : 1920,
            "y" : 1080
         }
      },
      {
         "mask" : null,
         "name" : "projector2",
         "orientation" : {
            "w" : 0.6563151478767395,
            "x" : -0.7276166081428528,
            "y" : 0.1488388180732727,
            "z" : -0.1329347193241119
         },
         "pos" : {
            "x" : 23.0,
            "y" : 439.0,
            "z" : 59.0
         },
         "viewPos" : {
            "x" : 5280.0,
            "y" : 0.0
         },
         "viewSize" : {
            "x" : 1920,
            "y" : 1080
         }
      }
   ]
}

