{
   "cameras" : [
      {
         "mask" : [],
         "name" : "gui",
         "orientation" : {
            "w" : 0.2705317735671997,
            "x" : -0.03115684539079666,
            "y" : 0.9462369680404663,
            "z" : 0.1745781600475311
         },
         "pos" : {
            "x" : 250.2995300292969,
            "y" : 268.8999938964844,
            "z" : -319.1999511718750
         },
         "viewPos" : {
            "x" : 0.0,
            "y" : 0.0
         },
         "viewSize" : {
            "x" : 1440,
            "y" : 810
         }
      },
      {
         "mask" : [],
         "name" : "projector1",
         "orientation" : {
            "w" : 0.2705318331718445,
            "x" : -0.03115683607757092,
            "y" : 0.9462369680404663,
            "z" : 0.1745781302452087
         },
         "pos" : {
            "x" : 250.2995300292969,
            "y" : 268.8999938964844,
            "z" : -319.1999511718750
         },
         "viewPos" : {
            "x" : 1440.0,
            "y" : -20.0
         },
         "viewSize" : {
            "x" : 1920,
            "y" : 1080
         }
      },
      {
         "mask" : null,
         "name" : "projector2",
         "orientation" : {
            "w" : 0.4536578655242920,
            "x" : -0.5540066957473755,
            "y" : 0.4084362089633942,
            "z" : 0.5660839080810547
         },
         "pos" : {
            "x" : -18.0,
            "y" : 337.0,
            "z" : 52.0
         },
         "viewPos" : {
            "x" : 3434.0,
            "y" : 283.0
         },
         "viewSize" : {
            "x" : 1920,
            "y" : 1080
         }
      },
      {
         "mask" : null,
         "name" : "projector2",
         "orientation" : {
            "w" : 0.6563151478767395,
            "x" : -0.7276166081428528,
            "y" : 0.1488388180732727,
            "z" : -0.1329347193241119
         },
         "pos" : {
            "x" : 23.0,
            "y" : 439.0,
            "z" : 59.0
         },
         "viewPos" : {
            "x" : 5280.0,
            "y" : 0.0
         },
         "viewSize" : {
            "x" : 1920,
            "y" : 1080
         }
      }
   ]
}

