{
   "cameras" : [
      {
         "mask" : [],
         "name" : "gui",
         "orientation" : {
            "w" : 0.2988740205764771,
            "x" : -0.1038659289479256,
            "y" : 0.9074880480766296,
            "z" : 0.2763184309005737
         },
         "pos" : {
            "x" : -50.0,
            "y" : 349.8000488281250,
            "z" : -122.9001159667969
         },
         "viewPos" : {
            "x" : 0.0,
            "y" : 0.0
         },
         "viewSize" : {
            "x" : 1440,
            "y" : 810
         }
      },
      {
         "mask" : [],
         "name" : "projector1",
         "orientation" : {
            "w" : 0.2988740801811218,
            "x" : -0.1038659140467644,
            "y" : 0.9074879288673401,
            "z" : 0.2763183712959290
         },
         "pos" : {
            "x" : -50.0,
            "y" : 349.8000488281250,
            "z" : -122.9001159667969
         },
         "viewPos" : {
            "x" : 1440.0,
            "y" : 0.0
         },
         "viewSize" : {
            "x" : 1920,
            "y" : 1080
         }
      },
      {
         "mask" : null,
         "name" : "projector2",
         "orientation" : {
            "w" : 0.02800177037715912,
            "x" : -0.001310155028477311,
            "y" : -0.9767622351646423,
            "z" : -0.2125068902969360
         },
         "pos" : {
            "x" : -250.0,
            "y" : 247.0,
            "z" : -338.0
         },
         "viewPos" : {
            "x" : 3360.0,
            "y" : 283.0
         },
         "viewSize" : {
            "x" : 1920,
            "y" : 1080
         }
      },
      {
         "mask" : null,
         "name" : "projector2",
         "orientation" : {
            "w" : 0.004542918410152197,
            "x" : 0.004126347601413727,
            "y" : 0.9920549392700195,
            "z" : 0.1279957294464111
         },
         "pos" : {
            "x" : 153.0,
            "y" : 209.0,
            "z" : -281.0
         },
         "viewPos" : {
            "x" : 5380.0,
            "y" : 0.0
         },
         "viewSize" : {
            "x" : 1920,
            "y" : 1080
         }
      }
   ]
}

