{
   "cameras" : [
      {
         "mask" : [],
         "name" : "gui",
         "orientation" : {
            "w" : 0.2186641842126846,
            "x" : -0.04089454188942909,
            "y" : 0.9609005451202393,
            "z" : 0.1648752391338348
         },
         "pos" : {
            "x" : 236.2994537353516,
            "y" : 247.8000488281250,
            "z" : -381.8999938964844
         },
         "viewPos" : {
            "x" : 0.0,
            "y" : 0.0
         },
         "viewSize" : {
            "x" : 1440,
            "y" : 810
         }
      },
      {
         "mask" : [],
         "name" : "projector1",
         "orientation" : {
            "w" : 0.2186641246080399,
            "x" : -0.04089452326297760,
            "y" : 0.9609003067016602,
            "z" : 0.1648752093315125
         },
         "pos" : {
            "x" : 236.2994537353516,
            "y" : 247.8000488281250,
            "z" : -381.8999938964844
         },
         "viewPos" : {
            "x" : 1476.0,
            "y" : -40.0
         },
         "viewSize" : {
            "x" : 1920,
            "y" : 1080
         }
      },
      {
         "mask" : null,
         "name" : "projector2",
         "orientation" : {
            "w" : 0.4536578655242920,
            "x" : -0.5540066957473755,
            "y" : 0.4084362089633942,
            "z" : 0.5660839080810547
         },
         "pos" : {
            "x" : -18.0,
            "y" : 337.0,
            "z" : 52.0
         },
         "viewPos" : {
            "x" : 3434.0,
            "y" : 283.0
         },
         "viewSize" : {
            "x" : 1920,
            "y" : 1080
         }
      },
      {
         "mask" : null,
         "name" : "projector2",
         "orientation" : {
            "w" : 0.6563151478767395,
            "x" : -0.7276166081428528,
            "y" : 0.1488388180732727,
            "z" : -0.1329347193241119
         },
         "pos" : {
            "x" : 23.0,
            "y" : 439.0,
            "z" : 59.0
         },
         "viewPos" : {
            "x" : 5280.0,
            "y" : 0.0
         },
         "viewSize" : {
            "x" : 1920,
            "y" : 1080
         }
      }
   ]
}

