{
   "cameras" : [
      {
         "mask" : [],
         "name" : "gui",
         "orientation" : {
            "w" : 0.004547835793346167,
            "x" : 0.004131715744733810,
            "y" : 0.9924120903015137,
            "z" : 0.1280416101217270
         },
         "pos" : {
            "x" : -207.0,
            "y" : 279.0,
            "z" : -281.0
         },
         "viewPos" : {
            "x" : 0.0,
            "y" : 0.0
         },
         "viewSize" : {
            "x" : 1440,
            "y" : 810
         }
      },
      {
         "mask" : [],
         "name" : "projector1",
         "orientation" : {
            "w" : 0.2988741099834442,
            "x" : -0.1038658991456032,
            "y" : 0.9074879884719849,
            "z" : 0.2763183414936066
         },
         "pos" : {
            "x" : -50.0,
            "y" : 349.8000488281250,
            "z" : -122.9001159667969
         },
         "viewPos" : {
            "x" : 1440.0,
            "y" : 0.0
         },
         "viewSize" : {
            "x" : 1920,
            "y" : 1080
         }
      },
      {
         "mask" : null,
         "name" : "projector2",
         "orientation" : {
            "w" : 0.02800123766064644,
            "x" : -0.001309647806920111,
            "y" : -0.9767622351646423,
            "z" : -0.2125068753957748
         },
         "pos" : {
            "x" : -250.0,
            "y" : 247.0,
            "z" : -338.0
         },
         "viewPos" : {
            "x" : 3360.0,
            "y" : 283.0
         },
         "viewSize" : {
            "x" : 1920,
            "y" : 1080
         }
      },
      {
         "mask" : null,
         "name" : "projector2",
         "orientation" : {
            "w" : 0.004549473989754915,
            "x" : 0.004125314764678478,
            "y" : 0.9914667606353760,
            "z" : 0.1279197186231613
         },
         "pos" : {
            "x" : 153.0,
            "y" : 209.0,
            "z" : -281.0
         },
         "viewPos" : {
            "x" : 5380.0,
            "y" : 0.0
         },
         "viewSize" : {
            "x" : 1920,
            "y" : 1080
         }
      }
   ]
}

