{
   "cameras" : [
      {
         "mask" : [],
         "name" : "gui",
         "orientation" : {
            "w" : 0.4112493693828583,
            "x" : -0.1421001553535461,
            "y" : 0.8640142083168030,
            "z" : 0.2533000111579895
         },
         "pos" : {
            "x" : -186.8005523681641,
            "y" : 319.8000488281250,
            "z" : -208.9001159667969
         },
         "viewPos" : {
            "x" : 0.0,
            "y" : 0.0
         },
         "viewSize" : {
            "x" : 1440,
            "y" : 810
         }
      },
      {
         "mask" : [],
         "name" : "projector1",
         "orientation" : {
            "w" : 0.4112493693828583,
            "x" : -0.1421002298593521,
            "y" : 0.8640143275260925,
            "z" : 0.2533000409603119
         },
         "pos" : {
            "x" : -186.8005523681641,
            "y" : 319.8000488281250,
            "z" : -208.9001159667969
         },
         "viewPos" : {
            "x" : 1440.0,
            "y" : 0.0
         },
         "viewSize" : {
            "x" : 1920,
            "y" : 1080
         }
      },
      {
         "mask" : null,
         "name" : "projector2",
         "orientation" : {
            "w" : 0.02800921909511089,
            "x" : -0.001309274579398334,
            "y" : -0.9767534136772156,
            "z" : -0.2125049978494644
         },
         "pos" : {
            "x" : -188.0,
            "y" : 277.0,
            "z" : -218.0
         },
         "viewPos" : {
            "x" : 3360.0,
            "y" : 283.0
         },
         "viewSize" : {
            "x" : 1920,
            "y" : 1080
         }
      },
      {
         "mask" : null,
         "name" : "projector2",
         "orientation" : {
            "w" : 0.004226877354085445,
            "x" : -0.0002873148478101939,
            "y" : 0.9943057298660278,
            "z" : 0.1106986626982689
         },
         "pos" : {
            "x" : 153.0,
            "y" : 209.0,
            "z" : -281.0
         },
         "viewPos" : {
            "x" : 5380.0,
            "y" : 0.0
         },
         "viewSize" : {
            "x" : 1920,
            "y" : 1080
         }
      }
   ]
}

