{
   "cameras" : [
      {
         "name" : "gui",
         "orientation" : {
            "w" : 0.9786038994789124,
            "x" : 0.1267902255058289,
            "y" : 0.1564542949199677,
            "z" : 0.04219904914498329
         },
         "pos" : {
            "x" : 297.0,
            "y" : 34.0,
            "z" : 75.0
         },
         "viewPos" : {
            "x" : 0.0,
            "y" : 0.0
         },
         "viewSize" : {
            "x" : 1440,
            "y" : 900
         }
      },
      {
         "name" : "projector1",
         "orientation" : {
            "w" : 0.9786038994789124,
            "x" : 0.1267902255058289,
            "y" : 0.1564542949199677,
            "z" : 0.04219904914498329
         },
         "pos" : {
            "x" : 297.0,
            "y" : 34.0,
            "z" : 75.0
         },
         "viewPos" : {
            "x" : 1505.0,
            "y" : 434.0
         },
         "viewSize" : {
            "x" : 1920,
            "y" : 1080
         }
      },
      {
         "name" : "projector2",
         "orientation" : {
            "w" : 0.4536578655242920,
            "x" : -0.5540066957473755,
            "y" : 0.4084362089633942,
            "z" : 0.5660839080810547
         },
         "pos" : {
            "x" : -18.0,
            "y" : 337.0,
            "z" : 52.0
         },
         "viewPos" : {
            "x" : 3434.0,
            "y" : 283.0
         },
         "viewSize" : {
            "x" : 1920,
            "y" : 1080
         }
      },
      {
         "name" : "projector2",
         "orientation" : {
            "w" : 0.6563150882720947,
            "x" : -0.7276165485382080,
            "y" : 0.1488388180732727,
            "z" : -0.1329347193241119
         },
         "pos" : {
            "x" : 23.0,
            "y" : 439.0,
            "z" : 59.0
         },
         "viewPos" : {
            "x" : 5280.0,
            "y" : 0.0
         },
         "viewSize" : {
            "x" : 1920,
            "y" : 1080
         }
      }
   ]
}

