{
   "cameras" : [
      {
         "mask" : [],
         "name" : "gui",
         "orientation" : {
            "w" : 0.4573277831077576,
            "x" : -0.01122504379600286,
            "y" : 0.8875184059143066,
            "z" : 0.05510349944233894
         },
         "pos" : {
            "x" : -102.5005340576172,
            "y" : 127.8000488281250,
            "z" : -233.9001159667969
         },
         "viewPos" : {
            "x" : 0.0,
            "y" : 0.0
         },
         "viewSize" : {
            "x" : 1440,
            "y" : 810
         }
      },
      {
         "mask" : [],
         "name" : "projector1",
         "orientation" : {
            "w" : 0.4573277831077576,
            "x" : -0.01122504379600286,
            "y" : 0.8875183463096619,
            "z" : 0.05510349199175835
         },
         "pos" : {
            "x" : -102.5005340576172,
            "y" : 127.8000488281250,
            "z" : -233.9001159667969
         },
         "viewPos" : {
            "x" : 1628.0,
            "y" : -40.0
         },
         "viewSize" : {
            "x" : 1920,
            "y" : 1080
         }
      },
      {
         "mask" : null,
         "name" : "projector2",
         "orientation" : {
            "w" : 0.02568905800580978,
            "x" : -0.01566448435187340,
            "y" : -0.9944590330123901,
            "z" : -0.1008908376097679
         },
         "pos" : {
            "x" : -188.0,
            "y" : 227.0,
            "z" : -218.0
         },
         "viewPos" : {
            "x" : 3334.0,
            "y" : 283.0
         },
         "viewSize" : {
            "x" : 1920,
            "y" : 1080
         }
      },
      {
         "mask" : null,
         "name" : "projector2",
         "orientation" : {
            "w" : 0.001756286015734076,
            "x" : -0.02921204082667828,
            "y" : 0.9918083548545837,
            "z" : 0.1276319324970245
         },
         "pos" : {
            "x" : 163.0,
            "y" : 209.0,
            "z" : -281.0
         },
         "viewPos" : {
            "x" : 5380.0,
            "y" : 0.0
         },
         "viewSize" : {
            "x" : 1920,
            "y" : 1080
         }
      }
   ]
}

