{
   "cameras" : [
      {
         "mask" : [],
         "name" : "gui",
         "orientation" : {
            "w" : 0.4149480164051056,
            "x" : -0.05293272063136101,
            "y" : 0.9015840291976929,
            "z" : 0.1102837398648262
         },
         "pos" : {
            "x" : -147.0,
            "y" : 209.0,
            "z" : -241.0
         },
         "viewPos" : {
            "x" : 0.0,
            "y" : 0.0
         },
         "viewSize" : {
            "x" : 1440,
            "y" : 810
         }
      },
      {
         "mask" : [],
         "name" : "projector1",
         "orientation" : {
            "w" : 0.09136626869440079,
            "x" : -0.02833521738648415,
            "y" : -0.9755268692970276,
            "z" : -0.1979821622371674
         },
         "pos" : {
            "x" : 164.0,
            "y" : 276.8000488281250,
            "z" : -122.9001159667969
         },
         "viewPos" : {
            "x" : 1440.0,
            "y" : 0.0
         },
         "viewSize" : {
            "x" : 1920,
            "y" : 1080
         }
      },
      {
         "mask" : null,
         "name" : "projector2",
         "orientation" : {
            "w" : 0.02799724601209164,
            "x" : -0.001310366787947714,
            "y" : -0.9767810106277466,
            "z" : -0.2125109881162643
         },
         "pos" : {
            "x" : -260.0,
            "y" : 271.0,
            "z" : -208.0
         },
         "viewPos" : {
            "x" : 3360.0,
            "y" : 283.0
         },
         "viewSize" : {
            "x" : 1920,
            "y" : 1080
         }
      },
      {
         "mask" : null,
         "name" : "projector2",
         "orientation" : {
            "w" : 0.4149480164051056,
            "x" : -0.05293272808194160,
            "y" : 0.9015840888023376,
            "z" : 0.1102837473154068
         },
         "pos" : {
            "x" : -147.0,
            "y" : 209.0,
            "z" : -241.0
         },
         "viewPos" : {
            "x" : 5380.0,
            "y" : 0.0
         },
         "viewSize" : {
            "x" : 1920,
            "y" : 1080
         }
      }
   ]
}

