{
   "cameras" : [
      {
         "mask" : [],
         "name" : "gui",
         "orientation" : {
            "w" : 0.4371573328971863,
            "x" : -0.1458130329847336,
            "y" : 0.8495607972145081,
            "z" : 0.2566680014133453
         },
         "pos" : {
            "x" : -200.0,
            "y" : 329.8000488281250,
            "z" : -252.9001159667969
         },
         "viewPos" : {
            "x" : 0.0,
            "y" : 0.0
         },
         "viewSize" : {
            "x" : 1440,
            "y" : 810
         }
      },
      {
         "mask" : [],
         "name" : "projector1",
         "orientation" : {
            "w" : 0.4371573626995087,
            "x" : -0.1458130478858948,
            "y" : 0.8495608568191528,
            "z" : 0.2566680312156677
         },
         "pos" : {
            "x" : -200.0,
            "y" : 329.8000488281250,
            "z" : -252.9001159667969
         },
         "viewPos" : {
            "x" : 1440.0,
            "y" : 0.0
         },
         "viewSize" : {
            "x" : 1920,
            "y" : 1080
         }
      },
      {
         "mask" : null,
         "name" : "projector2",
         "orientation" : {
            "w" : 0.02799990773200989,
            "x" : -0.001309177838265896,
            "y" : -0.9767715334892273,
            "z" : -0.2125089019536972
         },
         "pos" : {
            "x" : -250.0,
            "y" : 247.0,
            "z" : -338.0
         },
         "viewPos" : {
            "x" : 3360.0,
            "y" : 283.0
         },
         "viewSize" : {
            "x" : 1920,
            "y" : 1080
         }
      },
      {
         "mask" : null,
         "name" : "projector2",
         "orientation" : {
            "w" : 0.004546197596937418,
            "x" : 0.004133204463869333,
            "y" : 0.9921826124191284,
            "z" : 0.1280118227005005
         },
         "pos" : {
            "x" : 153.0,
            "y" : 209.0,
            "z" : -281.0
         },
         "viewPos" : {
            "x" : 5380.0,
            "y" : 0.0
         },
         "viewSize" : {
            "x" : 1920,
            "y" : 1080
         }
      }
   ]
}

