{
   "cameras" : [
      {
         "mask" : null,
         "name" : "gui",
         "orientation" : {
            "w" : 0.9774715900421143,
            "x" : -0.1898020654916763,
            "y" : 0.09193383157253265,
            "z" : 0.008527726866304874
         },
         "pos" : {
            "x" : 227.1995239257812,
            "y" : 246.5999145507812,
            "z" : 100.0
         },
         "viewPos" : {
            "x" : 0.0,
            "y" : 0.0
         },
         "viewSize" : {
            "x" : 1440,
            "y" : 900
         }
      },
      {
         "mask" : [],
         "name" : "projector1",
         "orientation" : {
            "w" : 0.9774715900421143,
            "x" : -0.1898020654916763,
            "y" : 0.09193383902311325,
            "z" : 0.008527727797627449
         },
         "pos" : {
            "x" : 227.1995239257812,
            "y" : 246.5999145507812,
            "z" : 100.0
         },
         "viewPos" : {
            "x" : 1506.0,
            "y" : 435.0
         },
         "viewSize" : {
            "x" : 1920,
            "y" : 1080
         }
      },
      {
         "mask" : null,
         "name" : "projector2",
         "orientation" : {
            "w" : 0.4536578655242920,
            "x" : -0.5540066957473755,
            "y" : 0.4084362089633942,
            "z" : 0.5660839080810547
         },
         "pos" : {
            "x" : -18.0,
            "y" : 337.0,
            "z" : 52.0
         },
         "viewPos" : {
            "x" : 3434.0,
            "y" : 283.0
         },
         "viewSize" : {
            "x" : 1920,
            "y" : 1080
         }
      },
      {
         "mask" : null,
         "name" : "projector2",
         "orientation" : {
            "w" : 0.6563150882720947,
            "x" : -0.7276165485382080,
            "y" : 0.1488388180732727,
            "z" : -0.1329347193241119
         },
         "pos" : {
            "x" : 23.0,
            "y" : 439.0,
            "z" : 59.0
         },
         "viewPos" : {
            "x" : 5280.0,
            "y" : 0.0
         },
         "viewSize" : {
            "x" : 1920,
            "y" : 1080
         }
      }
   ]
}

