{
   "cameras" : [
      {
         "mask" : [],
         "name" : "gui",
         "orientation" : {
            "w" : 0.02567948587238789,
            "x" : -0.01566408574581146,
            "y" : -0.9944601655006409,
            "z" : -0.1008909270167351
         },
         "pos" : {
            "x" : -188.0,
            "y" : 227.0,
            "z" : -218.0
         },
         "viewPos" : {
            "x" : 0.0,
            "y" : 0.0
         },
         "viewSize" : {
            "x" : 1440,
            "y" : 810
         }
      },
      {
         "mask" : [],
         "name" : "projector1",
         "orientation" : {
            "w" : 0.3708865642547607,
            "x" : -0.1158373802900314,
            "y" : 0.8588115572929382,
            "z" : 0.3338677585124969
         },
         "pos" : {
            "x" : -186.8005523681641,
            "y" : 319.8000488281250,
            "z" : -208.9001159667969
         },
         "viewPos" : {
            "x" : 1440.0,
            "y" : 0.0
         },
         "viewSize" : {
            "x" : 1920,
            "y" : 1080
         }
      },
      {
         "mask" : null,
         "name" : "projector2",
         "orientation" : {
            "w" : 0.02567977644503117,
            "x" : -0.01566376350820065,
            "y" : -0.9944368004798889,
            "z" : -0.1008885800838470
         },
         "pos" : {
            "x" : -188.0,
            "y" : 227.0,
            "z" : -218.0
         },
         "viewPos" : {
            "x" : 3360.0,
            "y" : 283.0
         },
         "viewSize" : {
            "x" : 1920,
            "y" : 1080
         }
      },
      {
         "mask" : null,
         "name" : "projector2",
         "orientation" : {
            "w" : 0.001568021601997316,
            "x" : -0.02936951816082001,
            "y" : 0.9978621006011963,
            "z" : 0.1284191906452179
         },
         "pos" : {
            "x" : 163.0,
            "y" : 209.0,
            "z" : -281.0
         },
         "viewPos" : {
            "x" : 5380.0,
            "y" : 0.0
         },
         "viewSize" : {
            "x" : 1920,
            "y" : 1080
         }
      }
   ]
}

