{
   "cameras" : [
      {
         "mask" : [],
         "name" : "gui",
         "orientation" : {
            "w" : 0.2811419069766998,
            "x" : -0.04641263559460640,
            "y" : 0.9445914626121521,
            "z" : 0.1629479974508286
         },
         "pos" : {
            "x" : 115.2994537353516,
            "y" : 248.1001281738281,
            "z" : -465.3999633789062
         },
         "viewPos" : {
            "x" : 0.0,
            "y" : 0.0
         },
         "viewSize" : {
            "x" : 1440,
            "y" : 810
         }
      },
      {
         "mask" : [],
         "name" : "projector1",
         "orientation" : {
            "w" : 0.2811419367790222,
            "x" : -0.04641263186931610,
            "y" : 0.9445916414260864,
            "z" : 0.1629480421543121
         },
         "pos" : {
            "x" : 115.2994537353516,
            "y" : 248.1001281738281,
            "z" : -465.3999633789062
         },
         "viewPos" : {
            "x" : 1573.0,
            "y" : -40.0
         },
         "viewSize" : {
            "x" : 1920,
            "y" : 1080
         }
      },
      {
         "mask" : null,
         "name" : "projector2",
         "orientation" : {
            "w" : 0.4536578655242920,
            "x" : -0.5540066957473755,
            "y" : 0.4084362089633942,
            "z" : 0.5660839080810547
         },
         "pos" : {
            "x" : -18.0,
            "y" : 337.0,
            "z" : 52.0
         },
         "viewPos" : {
            "x" : 3434.0,
            "y" : 283.0
         },
         "viewSize" : {
            "x" : 1920,
            "y" : 1080
         }
      },
      {
         "mask" : null,
         "name" : "projector2",
         "orientation" : {
            "w" : 0.6563150882720947,
            "x" : -0.7276165485382080,
            "y" : 0.1488388180732727,
            "z" : -0.1329347193241119
         },
         "pos" : {
            "x" : 23.0,
            "y" : 439.0,
            "z" : 59.0
         },
         "viewPos" : {
            "x" : 5280.0,
            "y" : 0.0
         },
         "viewSize" : {
            "x" : 1920,
            "y" : 1080
         }
      }
   ]
}

