{
   "cameras" : [
      {
         "mask" : [],
         "name" : "gui",
         "orientation" : {
            "w" : 0.4371572434902191,
            "x" : -0.145812988281250,
            "y" : 0.8495608568191528,
            "z" : 0.2566680312156677
         },
         "pos" : {
            "x" : -200.0,
            "y" : 309.8000488281250,
            "z" : 27.09988403320312
         },
         "viewPos" : {
            "x" : 0.0,
            "y" : 0.0
         },
         "viewSize" : {
            "x" : 1440,
            "y" : 810
         }
      },
      {
         "mask" : [],
         "name" : "projector1",
         "orientation" : {
            "w" : 0.4371573030948639,
            "x" : -0.1458130180835724,
            "y" : 0.8495609760284424,
            "z" : 0.2566680610179901
         },
         "pos" : {
            "x" : -200.0,
            "y" : 309.8000488281250,
            "z" : 27.09988403320312
         },
         "viewPos" : {
            "x" : 1440.0,
            "y" : 0.0
         },
         "viewSize" : {
            "x" : 1920,
            "y" : 1080
         }
      },
      {
         "mask" : null,
         "name" : "projector2",
         "orientation" : {
            "w" : 0.02800043858587742,
            "x" : -0.001309685059823096,
            "y" : -0.9767528772354126,
            "z" : -0.2125048339366913
         },
         "pos" : {
            "x" : -250.0,
            "y" : 247.0,
            "z" : -338.0
         },
         "viewPos" : {
            "x" : 3360.0,
            "y" : 283.0
         },
         "viewSize" : {
            "x" : 1920,
            "y" : 1080
         }
      },
      {
         "mask" : null,
         "name" : "projector2",
         "orientation" : {
            "w" : 0.004547835793346167,
            "x" : 0.004125162493437529,
            "y" : 0.9911098480224609,
            "z" : 0.1278736144304276
         },
         "pos" : {
            "x" : 153.0,
            "y" : 209.0,
            "z" : -281.0
         },
         "viewPos" : {
            "x" : 5380.0,
            "y" : 0.0
         },
         "viewSize" : {
            "x" : 1920,
            "y" : 1080
         }
      }
   ]
}

