{
   "cameras" : [
      {
         "mask" : [],
         "name" : "gui",
         "orientation" : {
            "w" : 0.3708865642547607,
            "x" : -0.1158373802900314,
            "y" : 0.8588115572929382,
            "z" : 0.3338677585124969
         },
         "pos" : {
            "x" : -186.8005523681641,
            "y" : 319.8000488281250,
            "z" : -208.9001159667969
         },
         "viewPos" : {
            "x" : 0.0,
            "y" : 0.0
         },
         "viewSize" : {
            "x" : 1440,
            "y" : 810
         }
      },
      {
         "mask" : [],
         "name" : "projector1",
         "orientation" : {
            "w" : 0.3708865940570831,
            "x" : -0.1158373653888702,
            "y" : 0.8588114976882935,
            "z" : 0.3338677585124969
         },
         "pos" : {
            "x" : -186.8005523681641,
            "y" : 319.8000488281250,
            "z" : -208.9001159667969
         },
         "viewPos" : {
            "x" : 1628.0,
            "y" : -40.0
         },
         "viewSize" : {
            "x" : 1920,
            "y" : 1080
         }
      },
      {
         "mask" : null,
         "name" : "projector2",
         "orientation" : {
            "w" : 0.02567977644503117,
            "x" : -0.01566361822187901,
            "y" : -0.9944489598274231,
            "z" : -0.1008898466825485
         },
         "pos" : {
            "x" : -188.0,
            "y" : 227.0,
            "z" : -218.0
         },
         "viewPos" : {
            "x" : 3334.0,
            "y" : 283.0
         },
         "viewSize" : {
            "x" : 1920,
            "y" : 1080
         }
      },
      {
         "mask" : null,
         "name" : "projector2",
         "orientation" : {
            "w" : 0.00158691406250,
            "x" : -0.02933913096785545,
            "y" : 0.9968408346176147,
            "z" : 0.1282882690429688
         },
         "pos" : {
            "x" : 163.0,
            "y" : 209.0,
            "z" : -281.0
         },
         "viewPos" : {
            "x" : 5380.0,
            "y" : 0.0
         },
         "viewSize" : {
            "x" : 1920,
            "y" : 1080
         }
      }
   ]
}

