{
   "cameras" : [
      {
         "mask" : [],
         "name" : "gui",
         "orientation" : {
            "w" : 0.09136618673801422,
            "x" : -0.02833516150712967,
            "y" : -0.9755256772041321,
            "z" : -0.1979819238185883
         },
         "pos" : {
            "x" : -6.0,
            "y" : 276.8000488281250,
            "z" : -122.9001159667969
         },
         "viewPos" : {
            "x" : 0.0,
            "y" : 0.0
         },
         "viewSize" : {
            "x" : 1440,
            "y" : 810
         }
      },
      {
         "mask" : [],
         "name" : "projector1",
         "orientation" : {
            "w" : 0.09136618673801422,
            "x" : -0.02833524346351624,
            "y" : -0.9755278825759888,
            "z" : -0.1979823708534241
         },
         "pos" : {
            "x" : -6.0,
            "y" : 276.8000488281250,
            "z" : -122.9001159667969
         },
         "viewPos" : {
            "x" : 1440.0,
            "y" : 0.0
         },
         "viewSize" : {
            "x" : 1920,
            "y" : 1080
         }
      },
      {
         "mask" : null,
         "name" : "projector2",
         "orientation" : {
            "w" : 0.02799538336694241,
            "x" : -0.001310453983023763,
            "y" : -0.9767904877662659,
            "z" : -0.2125130295753479
         },
         "pos" : {
            "x" : -260.0,
            "y" : 271.0,
            "z" : -208.0
         },
         "viewPos" : {
            "x" : 3360.0,
            "y" : 283.0
         },
         "viewSize" : {
            "x" : 1920,
            "y" : 1080
         }
      },
      {
         "mask" : null,
         "name" : "projector2",
         "orientation" : {
            "w" : 0.4149480164051056,
            "x" : -0.05293272808194160,
            "y" : 0.9015840888023376,
            "z" : 0.1102837473154068
         },
         "pos" : {
            "x" : -147.0,
            "y" : 209.0,
            "z" : -241.0
         },
         "viewPos" : {
            "x" : 5380.0,
            "y" : 0.0
         },
         "viewSize" : {
            "x" : 1920,
            "y" : 1080
         }
      }
   ]
}

