{
   "cameras" : [
      {
         "name" : "gui",
         "orientation" : {
            "w" : 0.6563150882720947,
            "x" : -0.7276165485382080,
            "y" : 0.1488388180732727,
            "z" : -0.1329347193241119
         },
         "pos" : {
            "x" : 23.0,
            "y" : 439.0,
            "z" : 59.0
         },
         "viewPos" : {
            "x" : 0.0,
            "y" : 0.0
         },
         "viewSize" : {
            "x" : 1440,
            "y" : 900
         }
      },
      {
         "name" : "projector1",
         "orientation" : {
            "w" : 0.6965654492378235,
            "x" : -0.2760507166385651,
            "y" : 0.6027952432632446,
            "z" : 0.2742817699909210
         },
         "pos" : {
            "x" : 380.0,
            "y" : 187.0,
            "z" : 82.0
         },
         "viewPos" : {
            "x" : 1505.0,
            "y" : 443.0
         },
         "viewSize" : {
            "x" : 1920,
            "y" : 1080
         }
      },
      {
         "name" : "projector2",
         "orientation" : {
            "w" : 0.4536579251289368,
            "x" : -0.5540066957473755,
            "y" : 0.4084362983703613,
            "z" : 0.5660837888717651
         },
         "pos" : {
            "x" : -18.0,
            "y" : 337.0,
            "z" : 52.0
         },
         "viewPos" : {
            "x" : 3434.0,
            "y" : 283.0
         },
         "viewSize" : {
            "x" : 1920,
            "y" : 1080
         }
      },
      {
         "name" : "projector2",
         "orientation" : {
            "w" : 0.6563151478767395,
            "x" : -0.7276166081428528,
            "y" : 0.1488388180732727,
            "z" : -0.1329347193241119
         },
         "pos" : {
            "x" : 23.0,
            "y" : 439.0,
            "z" : 59.0
         },
         "viewPos" : {
            "x" : 5280.0,
            "y" : 0.0
         },
         "viewSize" : {
            "x" : 1920,
            "y" : 1080
         }
      }
   ]
}

