{
   "cameras" : [
      {
         "mask" : [],
         "name" : "gui",
         "orientation" : {
            "w" : 0.07280048727989197,
            "x" : -0.02402073703706264,
            "y" : 0.9970504045486450,
            "z" : -0.004125629086047411
         },
         "pos" : {
            "x" : -24.80054473876953,
            "y" : -36.1999511718750,
            "z" : -72.89999389648438
         },
         "viewPos" : {
            "x" : 0.0,
            "y" : 0.0
         },
         "viewSize" : {
            "x" : 1440,
            "y" : 810
         }
      },
      {
         "mask" : [],
         "name" : "projector1",
         "orientation" : {
            "w" : 0.07280068844556808,
            "x" : -0.02402072213590145,
            "y" : 0.9970497488975525,
            "z" : -0.004125630483031273
         },
         "pos" : {
            "x" : -24.80054473876953,
            "y" : -36.1999511718750,
            "z" : -72.89999389648438
         },
         "viewPos" : {
            "x" : 1328.0,
            "y" : -40.0
         },
         "viewSize" : {
            "x" : 1920,
            "y" : 1080
         }
      },
      {
         "mask" : null,
         "name" : "projector2",
         "orientation" : {
            "w" : 0.5410916805267334,
            "x" : -0.09641239047050476,
            "y" : 0.8197597861289978,
            "z" : 0.1609917283058167
         },
         "pos" : {
            "x" : -188.0,
            "y" : 227.0,
            "z" : -218.0
         },
         "viewPos" : {
            "x" : 3434.0,
            "y" : 283.0
         },
         "viewSize" : {
            "x" : 1920,
            "y" : 1080
         }
      },
      {
         "mask" : null,
         "name" : "projector2",
         "orientation" : {
            "w" : 0.001855308073572814,
            "x" : -0.02935563214123249,
            "y" : 0.9959589242935181,
            "z" : 0.1281608343124390
         },
         "pos" : {
            "x" : 163.0,
            "y" : 209.0,
            "z" : -281.0
         },
         "viewPos" : {
            "x" : 5380.0,
            "y" : 0.0
         },
         "viewSize" : {
            "x" : 1920,
            "y" : 1080
         }
      }
   ]
}

